[
  {"home":"Germany", "homeflag":"flags/GER.png", "guest":"Scotland", "guestflag":"flags/SCO.png", "date":"Friday 14 February 2025","time":"12:00"},
  {"home":"Hungary", "homeflag":"flags/HUN.png", "guest":"Switzerland ", "guestflag":"flags/SUI.png", "date":"Saturday 15 February 2025","time":"16:00"},
  {"home":"Spain", "homeflag":"flags/ESP.png", "guest":"Croatia ", "guestflag":"flags/CRO.png", "date":"Saturday 15 February 2025","time":"12:00"},
  {"home":"Italy", "homeflag":"flags/ITA.png", "guest":"Albania ", "guestflag":"flags/ALB.png", "date":"Saturday 15 February 2025","time":"16:00"},
  {"home":"Poland", "homeflag":"flags/POL.png", "guest":"Netherlands ", "guestflag":"flags/NED.png", "date":"Sunday 16 February 2025","time":"16:00"},
  {"home":"Slovenia", "homeflag":"flags/SVN.png", "guest":"Denmark ", "guestflag":"flags/DEN.png", "date":"Sunday 16 February 2025","time":"20:00"},
  {"home":"Serbia", "homeflag":"flags/SRB.png", "guest":"England ", "guestflag":"flags/ENG.png", "date":"Monday 17 February 2025","time":"12:00"},
  {"home":"Romania", "homeflag":"flags/ROU.png", "guest":"Ukraine ", "guestflag":"flags/UKR.png", "date":"Monday 17 February 2025","time":"16:00"}
  ]
